clave,nombre,Salinización,Recarga,Extracción,Disponibilidad,Área,Zona pago
101,Valle de Aguascalientes,0,249.6,347.63,-100.43,3129.31,1
102,Valle de Chicalote,0,35,46.91,-11.91,724.69,1
103,El Llano,0,15,17.76,-5.76,554.96,1
104,Venadero,0,1.9,1.6,-0.6,111.06,1
105,Valle de Calvillo,0,25,40.91,-17.91,1048.23,1
201,Tijuana,0,19.5,14.59,0.31,244.99,2
202,Tecate,0,14.1,12.17,1.93,762.48,3
203,El Descanso,0,2.7,1.63,0.67,267.19,3
204,Los Médanos,0,1.8,1.05,0.65,110.29,3
205,Las Palmas,0,11.2,10.18,1.02,2118.23,2
206,La Misión,0,6.5,7.62,-2.12,476.28,1
207,Guadalupe,0,18.8,37.12,-18.42,975.63,1
208,Ojos Negros,0,22.3,27.05,-4.75,657.63,1
209,Laguna Salada,0,17.8,16.75,1.05,5689.46,2
210,Valle de Mexicali,0,520.5,775.96,-257.96,4907.8,1
211,Ensenada,0,3.7,10.78,-7.08,752.26,1
212,Maneadero,0,33.8,38.51,-4.71,1466.27,1
213,Santo Tomás,0,6.5,10.92,-4.62,886.26,1
214,San Vicente,0,28,23.77,2.83,2082.1,3
215,Cañón la Calentura,0,9.9,14.55,-5.25,645.54,1
216,La Trinidad,0,22.4,27.95,-5.55,1212.2,1
217,San Rafael,0,12.4,42.3,-29.9,1260.66,1
218,San Telmo,0,8.5,22.66,-14.16,1288.07,1
219,Camalú,0,7.8,14.13,-6.33,246.33,1
220,Colonia Vicente Guerrero,0,15.6,40.62,-26.12,1107.63,1
221,San Quintín,0,24.3,61,-36.7,951.48,1
222,San Felípe-Punta Estrella,0,8,7.17,0.53,1289.89,3
223,Valle Chico-San Pedro Mártir,0,13.8,11.91,1.89,3069.64,3
224,El Rosario,0,5.8,5.32,0.28,2812.44,2
225,Bahía de San Luís Gonzaga,0,5.5,0.09,3.41,1205.99,4
226,Bahía de los Ángeles,0,1.1,0.51,0.59,525.34,3
227,Villa de Jesús María,0,2.3,1.71,0.49,1599.3,3
228,Llanos del Berrendo,0,21.1,0.76,9.94,3519.26,4
229,Jamau,0,6.9,0.09,6.31,730.54,4
230,San Fernando-San Agustín,0,3,1.2,1.4,2692.41,3
231,Santa Catarina,0,0.7,0.47,0.23,1518.72,4
232,Punta Canoas-San José,0,0.7,0.53,0.17,3094.92,3
233,Laguna de Chapala,0,1.2,0.01,0.59,2380.76,4
234,La Bachata-Santa Rosalita,0,0.5,0.13,0.37,2432.33,3
235,Nuevo Rosarito,0,5.2,0.35,4.55,1617.63,4
236,La Rumorosa-Tecate,0,1.8,0.71,1.09,738.91,3
237,El Chinero,0,4.1,2.36,1.54,2522.21,3
238,Matomi-Puertecitos,0,4.8,0.03,1.47,1258.87,4
239,El Huerfanito,0,0.5,0,0.5,1024.46,4
240,Calamajué,0,0.1,0,0.1,934.56,4
241,Agua Amarga,0,0.9,0,0.9,2251.01,4
242,La Bocana-Llanos de San Pedro,0,4.8,0.01,4.09,993.48,4
243,San Rafael-La Palma,0,1,0.02,0.58,762.97,4
244,El Progreso-El Barril,0,2.4,0.04,1.86,1178.18,4
245,Rosarito,0,6.2,4.78,0.92,338.6,3
246,San Simón,0,27.2,26.84,-2.94,1967.09,1
247,El Socorro,0,1.9,1.1,0.6,526.22,3
248,Real del Castillo,0,11.7,11.11,0.59,800.3,2
301,Punta Eugenia,0,3.3,0.21,1.29,3928.14,4
302,Vizcaíno,0,41.2,37.83,-0.13,11445.8,2
303,San Ignacio,0,9.2,7.92,-3.02,11490.8,1
304,La Purísima,0,9.7,2.6,-1.9,4797.33,1
305,Mezquital Seco,0,2.6,1.97,-0.17,947.58,2
306,Santo Domingo,0,146.4,176.77,-30.37,13939.6,1
307,Santa Rita,0,3.2,1.21,-0.01,2042.02,2
308,Las Pocitas-San Hilario,0,7.2,2.62,4.28,2593.29,3
309,El Conejo-Los Viejos,0,6.4,2.5,0.2,2578.64,2
310,Melitón Albañez,0,2.5,2.37,-0.27,356.76,1
311,La Matanza,0,5.1,2.34,0.16,278.2,2
312,Cañada Honda,0,2.8,1.08,-0.08,467.55,2
313,Todos Santos,0,18.4,4.8,-1.1,201.55,1
314,El Pescadero,0,8.3,3.06,0.14,438.57,2
315,Plutarco Elías Calles,0,2.8,1,0,385.08,2
316,Migriño,0,0.9,0.29,0.01,250.24,2
317,Cabo San Lucas,0,2.7,14.98,-14.48,515.44,1
318,Cabo Pulmo,0,2.3,1.61,-1.31,626.59,1
319,San José del Cabo,0,35.9,30.36,-5.26,1284.28,1
320,Santiago,0,24.5,19.56,0.34,1102.87,2
321,San Bartolo,0,10.9,2.18,1.82,680.44,3
322,El Carrizal,0,14.2,14.07,0.13,601,2
323,Los Planes,0,9.4,13.1,-4.7,1013.15,1
324,La Paz,0,27.8,35.63,-7.83,1390.11,2
325,El Coyote,0,3.4,6.81,-6.11,268.02,1
326,Alfredo V. Bonfil,0,4.9,2.44,2.46,1107,3
327,Tepentú,0,3.8,0.01,1.09,510.81,4
328,Loreto,0,3.9,1.68,0.92,587.01,3
329,San Juan B. Londó,0,6.7,8.05,-2.35,694.61,1
330,Rosarito,0,2.5,0.14,0.16,352.8,3
331,Bahía Concepción,0,5.7,0.18,0.62,1547.82,4
332,Mulegé,0,10.1,6.29,0.51,742.1,3
333,San Marcos-Palo Verde,0,2.4,3.37,-1.47,943.84,1
334,San Bruno,0,1,1.12,-0.52,109.16,1
335,San Lucas,0,0.4,0.23,-0.13,140.05,1
336,Santa Agueda,0,6.1,0.4,-0.2,487.27,1
337,Santa Rosalía,0,0.9,0.06,0.04,186.19,3
338,Las Vírgenes,0,4.7,0.02,4.68,1453.86,4
339,Paralelo 28,0,5.4,0,1.4,820.78,4
405,Xpujil,0,2099.4,8.09,307.21,7926.43,4
501,Allende-Piedras Negras,0,496.5,257.32,-35.22,12915.6,3
502,Cañón del Derramadero,0,31.6,29.27,-2.77,944.82,2
503,Cerro Colorado-La Partida,0,6.5,1,5.5,7192.26,4
504,Cuatrociénegas-Ocampo,0,57.9,73.91,-22.41,6433.62,2
505,General Cepeda-Sauceda,0,113.4,152.17,-69.27,3299.07,2
506,El Hundido,0,20.1,25.26,-5.16,3195.82,1
507,Monclova,0,145.1,156.89,-36.69,13525.5,2
508,Paredón,0,23.6,63.39,-43.09,6291.48,1
509,La Paila,0,14.7,77.92,-63.22,6875.96,1
510,Saltillo-Ramos Arizpe,0,65.9,117.41,-54.21,1446.52,1
511,Región Manzanera-Zapaliname,0,55.2,90.02,-38.42,1447.05,1
512,Región Carbonífera,0,84.1,77.04,-32.04,15667.4,3
513,Palestina,0,10.3,3.56,6.74,3516.43,3
514,Hidalgo,0,3.8,4.17,-0.37,1664.39,3
515,Santa Fe del Pino,0,19.5,2.61,15.89,10361.8,4
516,Hércules,0,5.5,4.02,1.38,1877.65,4
517,Laguna el Guaje,0,15.8,31.13,-15.43,9623.03,4
518,Laguna el Coyote,0,13.3,8.95,4.35,4526.73,4
519,Castaños,0,18.9,17.49,-3.69,5080.6,3
520,Laguna del Rey-Sierra Mojada,0,11.4,15.36,-3.96,3101.74,3
521,Saltillo Sur,0,13.4,65.88,-52.48,7664.62,3
522,Presa la Amistad,0,22.6,2.22,9.58,1090.63,4
523,Principal-Región Lagunera,0,534.1,683.15,-149.05,12616.9,1
524,Acatita,0,5.6,9.42,-4.02,1891.05,1
525,Las Delicias,0,6.2,5.17,0.83,2104.39,3
526,Serranía del Burro,0,11.9,0.94,10.66,4004.92,4
527,Valle de San Marcos,0,10.7,0.63,10.07,2576.04,4
528,Cuatrociénegas,0,143,24.48,-11.68,3496.84,2
601,Colima,0,86.7,71.69,2.81,1298.1,2
603,Armería-Tecomán-Periquillos,0,230,210.44,-0.44,1411.53,2
605,Venustiano Carranza,0,37,16.2,3.8,236.36,3
607,El Colomo,0,43,18.18,6.82,209.66,3
608,Jalipa-Tapeixtles,0,10.8,9.11,-1.31,60.42,1
609,Santiago-Salagua,0,24.6,21.57,-3.07,262.1,1
610,La Central-Peña Blanca,0,9.5,4.81,2.69,90.37,3
612,Marabasco,0,28.6,17.67,1.33,184.23,2
613,Minatitlán,0,10.1,8.39,0.01,676.07,2
614,Valle de Ixtlahuacán,0,15.4,13.75,-0.15,588.79,2
615,Alzada-Tepames,0,24.4,14.74,0.36,581.45,2
701,Palenque,0,193,14.22,178.78,3170.41,4
702,Reforma,0,2968.9,40.14,178.56,3463.33,4
703,Tuxtla,0,240.6,49.07,191.53,5104.43,3
704,Ocozocoautla,0,180,6.76,173.24,2410.08,4
705,Cintalapa,0,320.4,23.05,297.35,5508.95,4
706,Fraylesca,0,1224.5,47.47,60.83,8812.11,3
707,Comitán,0,422.4,44.57,53.73,1594.76,3
708,La Trinitaria,0,157.4,14.32,143.08,3439.66,4
709,Acapetahua,0,860.7,116.24,254.26,3636.48,3
710,Soconusco,0,938.1,275.15,48.05,3189.76,3
711,Arriaga-Pijijiapan,0,495.9,53.96,48.74,4141.96,3
712,San Cristobal las Casas,0,35.6,1.69,33.91,1360.84,4
713,Marqués de Comillas,0,186.6,5.06,6.84,2012.13,3
714,Chicomuselo,0,701,3.47,697.53,3832.89,4
715,Ocosingo,0,4535.9,1.06,388.54,15428.5,4
801,Ascensión,0,132.2,241.26,-109.06,3020.77,1
802,Alta Babícora,0,46.2,41.47,-0.47,1930.68,3
803,Baja Babícora,0,90.6,229.12,-138.52,4060.25,1
804,Buenaventura,0,66.5,216.78,-150.28,3038.97,1
805,Cuauhtémoc,0,299.4,307.05,-7.65,3401.07,2
806,Casas Grandes,0,180,207.05,-27.05,5112.54,1
807,El Sauz-Encinillas,0,62.4,121.06,-58.66,2741.6,1
808,Janos,0,142,170.78,-44.48,6102.09,1
809,Laguna de Mexicanos,0,35.1,53.51,-18.41,957.76,2
810,Samalayuca,0,16.1,29.76,-13.66,626.89,1
811,Las Palmas,0,4.4,4.21,-0.61,1705.82,2
812,Palomas-Guadalupe Victoria,0,15,16.1,-3.4,1844.01,1
813,Laguna Tres Castillos,0,18.8,83.08,-64.28,4579.01,4
814,Laguna de Tarabillas,0,36.4,323.5,-287.1,2437.47,3
815,Laguna El Diablo,0,0.8,0.2,0,307.02,2
816,Aldama-El Cuervo,0,19.9,18.85,0.75,3728.47,3
817,Laguna de Patos,0,11,107.89,-96.89,4105.57,2
818,Laguna de Santa María,0,45.2,461.84,-419.84,5344.21,3
819,Laguna la Vieja,0,77.1,294.14,-217.04,1681.24,3
820,Ignacio Zaragoza,0,73.9,6.68,67.22,2767.33,4
821,Flores Magón-Villa Ahumada,0,137.5,256.13,-118.63,6756.36,1
822,Santa Clara,0,59.2,39.89,-16.49,4596.92,1
823,Conejos-Médanos,0,18.8,120.87,-102.07,6187.22,3
824,Laguna de Hormigas,0,25.5,294.46,-268.96,6015.34,3
825,El Sabinal,0,37.5,58.11,-20.61,1832.66,3
826,Los Lamentos,0,9.7,9.93,-0.23,2309.18,4
827,El Cuarenta,0,3.6,12.66,-9.06,981.81,3
828,Los Moscos,0,37.7,38.47,-0.77,1089.45,2
829,Josefa Ortíz de Domínguez,0,4.9,4.69,0.21,246.93,3
830,Chihuahua-Sacramento,0,56.6,125.32,-68.72,1884.89,1
831,Meoqui-Delicias,0,211.2,376.24,-165.04,4810.03,1
832,Jiménez-Camargo,0,173.3,359.94,-192.14,9948.6,1
833,Valle de Juárez,1,125.9,202.63,-76.73,3413.87,1
834,Parral-Valle del Verano,0,26.7,60.85,-34.15,1455.11,3
835,Tabalaopa-Aldama,0,76.5,81.82,-9.62,726.6,3
836,Aldama-San Diego,0,62.5,108.55,-47.55,1616.51,1
837,Bajo Río Conchos,0,116.2,95.77,19.63,8833.3,4
838,Alto Río San Pedro,0,56.3,41.59,-14.39,9926.16,3
839,Manuel Benavides,0,23.5,0.44,22.86,2401.05,4
840,Villalba,0,17.5,56.92,-43.82,1901.06,2
841,Potrero del Llano,0,23.7,9.58,5.62,2487.61,4
842,Alamo Chapo,0,68.8,26.8,40,4922.18,4
843,Bocoyna,0,236.7,10.27,48.93,7337.04,4
844,Valle de Zaragoza,0,104.7,18.66,-15.06,4036.49,1
845,San Felipe de Jesús,0,69.9,0.8,16.7,2741.2,4
846,Carichi-Nonoava,0,250,5.1,57.4,6994.55,4
847,Los Juncos,0,133.6,831.29,-697.79,4592.07,3
848,Laguna de Palomas,1,23.1,24.22,-1.12,1640.97,3
849,Llano de Gigantes,0,18.8,70.35,-51.55,2806.33,3
850,Las Pampas,0,12.7,2.14,10.56,1519.29,4
851,Rancho el Astillero,0,20.6,19.14,1.46,2287.09,3
852,Laguna de Jaco,0,16,5.33,10.67,1052.86,4
853,Rancho la Gloria,0,16,1.93,14.07,1635.26,4
854,Rancho Dentón,0,19.3,21.93,-2.63,2126,4
855,Laguna los Alazanes,0,27.5,68.57,-41.07,4405.32,2
856,Laguna el Rey,0,1,0.44,0.56,359.06,3
857,Escalón,0,15.7,6.82,0.88,3681.04,3
858,La Norteña,0,11.3,0.01,11.29,1082.49,4
859,Madera,0,6.6,3.69,2.91,1298.18,4
860,Guerrero-Yepomera,0,146,147.33,-1.33,4996.4,2
861,Valle del Peso,0,24.1,2.81,12.99,3612.04,4
901,Zona Metropolitana de la Cd. de México,0,512.8,1020.03,-507.23,2103.73,1
1001,Valle de Santiaguillo,0,44.9,115.13,-74.33,2504.06,1
1002,Valle de Canatlán,0,38.6,65.77,-27.87,2544.57,1
1003,Valle del Guadiana,0,131.9,148.4,-23.9,4817.61,2
1004,Vicente Guerrero-Poanas,0,96.4,123.8,-40.7,3741.72,1
1005,Madero-Victoria,0,21.7,67.35,-46.95,1706.36,1
1006,Tepehuanes-Santiago,0,38.3,7.4,30.9,5087.25,4
1007,Providencia,0,16.3,1.45,14.85,851.91,4
1008,Cabrera-Ocampo,0,29.9,7.89,22.01,1688.94,4
1009,Matalotes-El Oro,0,35.7,9.14,26.56,7574.55,4
1010,San José de Nazareno,0,34.3,0.04,34.26,1463.38,4
1011,Galeana-Quemado,0,23.4,0.43,22.97,1808.32,4
1012,La Victoria,0,18.6,3.21,15.39,1419.44,4
1013,Buenos Aires,0,14.9,2.78,12.12,1100.41,4
1014,Torreón de Cañas,0,15.2,0.88,14.32,661.87,4
1015,San Fermín,0,7.5,0.9,6.6,1806.79,4
1016,San Juan del Río,0,19.1,15.67,3.43,2632.91,3
1017,Valle del Mezquital,0,1.1,3.93,-2.83,2255.59,1
1018,Peñón Blanco,0,27.5,12.93,-1.23,2538.98,3
1019,Cuauhtémoc,0,14.9,8.16,6.74,630.61,3
1020,Santa Clara,0,22.3,16.47,5.83,1870.57,3
1021,Pedriceña-Velardeña,0,10.9,15.91,-5.01,2974.4,2
1022,Villa Juárez,0,49.7,44.29,-1.49,1457.23,2
1023,Ceballos,0,51.6,74.61,-23.01,9503.31,1
1024,Oriente Aguanaval,0,32.3,54.54,-52.24,7257.41,1
1025,Nazas,0,113.7,43.73,4.07,5621.39,3
1026,Vicente Suárez,0,4.8,11.07,-6.27,1169.62,1
1027,Cabrera,0,6.3,0.68,5.62,235.69,4
1028,La Zarca-Revolución,0,32.7,6.02,26.68,1987.18,4
1029,Revolución,0,6.6,2.89,3.71,838.6,3
1101,Xichú-Atarjea,0,40.3,4.94,3.86,3945.46,3
1103,Ocampo,0,6.4,1.65,4.55,1651.53,3
1104,Laguna Seca,0,128.5,160.35,-31.85,1320.98,1
1106,Dr. Mora-San José Iturbide,0,38.4,65.42,-27.02,783.39,1
1107,San Miguel de Allende,0,28.6,32,-9.9,358.29,1
1108,Cuenca Alta del Río Laja,0,139.7,202.16,-62.46,4131.43,1
1110,Silao-Romita,0,280,165.19,114.81,1880.97,3
1111,La Muralla,0,34.8,41.4,-11.6,241.39,1
1113,Valle de León,0,124.5,176.38,-51.88,1321.42,1
1114,Río Turbio,0,110,163.36,-53.36,1192.36,1
1115,Valle de Celaya,0,317.1,429.11,-115.31,2793.81,1
1116,Valle de la Cuevita,0,9.9,9.67,-0.07,782.84,2
1117,Valle de Acámbaro,0,118.5,92.26,25.14,1123.24,3
1118,Salvatierra-Acámbaro,0,28.4,68.26,-39.86,747.57,1
1119,Irapuato-Valle,0,507.8,546.6,-67.1,2436.93,1
1120,Pénjamo-Abasolo,0,225,353.2,-128.2,2413.67,1
1121,Lago de Cuitzeo,0,13.7,5.97,2.73,340.81,3
1122,Ciénega Prieta-Moroleón,0,85,95.55,-19.55,1220.11,1
1201,Tlapa-Huamuxtitlán,0,22,6.45,9.35,4759.25,3
1202,Huitzuco,0,10.1,4.69,5.41,4290.91,3
1203,Poloncingo,0,37.5,2.41,20.99,1680.51,4
1204,Buenavista de Cuéllar,0,40.5,0.21,26.49,672.39,4
1205,Iguala,0,20,18.06,1.94,2351.27,3
1206,Chilapa,0,26.1,5.86,11.64,2309.54,3
1207,Tlacotepec,0,84.7,2.73,50.47,4956.53,4
1208,Altamirano-Cutzamala,0,85.8,13,32,5856.35,3
1209,Arcelia,0,31.9,2.57,10.13,2701.57,4
1210,Paso de Arena,0,38.8,2.12,24.18,4689.74,4
1211,Coahuayutla,0,20.2,0.95,16.35,2575.12,4
1212,El Naranjito,0,35.9,4.27,9.13,971.18,3
1213,La Unión,0,65.6,19,0,2084.86,2
1214,Pantla,0,12.1,2.99,2.61,207.21,3
1215,Ixtapa,0,23.9,15.87,0.83,881.27,2
1216,Bahía de Zihuatanejo,0,3.5,1.15,0.25,29.88,3
1217,Coacoyul,0,20.2,5.65,5.05,231.96,3
1218,San Jeronimito,0,23,14.18,7.82,955.49,3
1219,Petatlán,0,57.6,16.4,2.1,693.36,3
1220,Coyuquilla,0,30.4,5.9,3.1,787.85,3
1221,San Luís,0,37.5,12.9,0.5,1143.52,2
1222,Tecpan,0,40,17.45,4.95,1691.35,3
1223,Atoyac,0,81.9,17.86,29.14,1803.01,3
1224,Coyuca,0,23,8.29,4.81,1189.52,3
1225,Conchero,0,27.9,3.27,5.83,580.55,3
1226,Bahía de Acapulco,0,3.3,0.74,0.26,69.1,3
1227,La Sabana,0,92,35.39,35.41,796.25,3
1228,Chilpancingo,0,27.8,2.17,20.73,543.55,4
1229,Tepechicotlan,0,36.4,3.21,17.79,695.02,4
1230,Papagayo,0,316.9,87.16,226.74,6178.54,3
1231,San Marcos,0,29.8,4.3,3.6,534.3,3
1232,Nexpa,0,43.5,7.96,5.14,1692.84,3
1233,Copala,0,19.6,2.74,6.76,686.22,4
1234,Marquelia,0,22.9,5.57,5.73,1346.15,3
1235,Cuajinicuilapa,0,180,37.94,112.06,7307.81,4
1301,Zimapán,0,7.6,2.88,1.52,1621.07,3
1302,Orizatlán,0,185.4,0.36,6.04,2900.21,4
1303,Atotonilco-Jaltocán,0,12.8,0.06,4.14,216.79,4
1304,Xochitlán-Huejutla,0,39.1,1.04,7.06,258.33,4
1305,Atlapexco-Candelaria,0,192.7,0.15,8.85,1103.63,4
1306,Calabozo,0,81.1,0.26,9.24,852.03,4
1307,Huichapan-Tecozautla,0,56.7,37.75,-14.55,1448.37,1
1308,El Astillero,0,3.3,0.76,2.54,105.85,4
1309,Chapantongo-Alfajayucan,0,136.9,9.28,14.72,894.66,3
1310,Valle del Mezquital,0,515,184.43,37.57,2714.16,3
1311,Ajacuba,0,25.7,5.1,5,270.68,3
1312,Ixmiquilpan,0,150.1,8.5,17,885.32,3
1313,Actopan-Santiago de Anaya,0,208.1,61.11,56.99,1065.1,3
1314,Meztitlán,0,62.5,13.22,9.98,1107.29,3
1315,Huasca-Zoquital,0,52.1,5.69,9.51,467.47,3
1316,Tepeji del Río,0,46.3,15.64,-4.54,403.93,3
1317,Valle de Tulancingo,0,103,74.54,-20.94,1054.38,1
1318,Acaxochitlán,0,19.9,7.16,1.14,753.98,3
1319,Tecocomulco,0,27.8,2.97,24.33,476.39,4
1320,Ápan,0,30.3,30.01,0.29,733.28,2
1321,Amajac,0,166,3.27,0.93,1410.77,3
1401,Atemajac,0,147.3,133.64,-12.04,733.34,2
1402,Toluquilla,0,49.1,122.35,-75.65,632.16,1
1403,Cajititlán,0,47.6,63.32,-16.22,565.9,1
1404,Poncitlán,0,33.8,31.1,-1.7,554.65,2
1405,Ocotlán,0,85.6,91.32,-14.02,2080.44,1
1406,Ciudad Guzmán,0,266.1,276.39,-26.29,3480.61,2
1407,Aguacate,0,16.1,17.55,-1.45,347.53,2
1408,La Barca,0,67,103.82,-39.62,1170.04,1
1409,Ameca,0,277.3,286.78,-30.38,3743.79,2
1410,Lagos de Moreno,0,196,228.11,-32.11,2955.76,1
1411,El Muerto,0,2.6,3.66,-1.06,87.43,1
1412,20 de Noviembre,0,39.3,8.2,19.6,374.94,3
1413,Altos de Jalisco,0,62.3,74.15,-12.45,1505.89,1
1414,Tepatitlán,0,41.1,43.77,-2.87,450.23,2
1415,Jalostotitlán,0,80.8,69.74,-10.74,1232.14,1
1416,Valle de Guadalupe,0,31.6,33.18,-3.28,980.2,1
1417,Autlán,0,76,81.09,-5.09,4669.26,2
1418,Unión de Tula,0,103.3,18.45,0.55,2280.06,2
1419,Tecolotlán,0,20.8,11.97,5.33,495.01,3
1420,Jiquilpan,0,6.3,7.11,-0.81,162.21,2
1421,Tapalpa,0,12.5,9.77,1.03,255.56,3
1422,Encarnación,0,63.3,115.25,-51.95,3534.94,1
1423,Primo Verdad,0,24.7,13.47,4.23,512.74,3
1424,Tomatlán,0,124,24.91,13.79,4546.98,3
1425,Vista del Mar,0,6.8,2.25,0.35,1441.79,3
1426,Santa María,0,21.4,2.57,0.53,1295.64,3
1427,Puerto Vallarta,0,86.5,73.21,-3.71,1814.51,2
1428,Chapala,0,65.6,41.47,0.93,352.83,2
1429,Tizapán,0,25.8,13.97,-0.17,423.19,2
1430,La Huerta,0,64.5,61.71,-5.31,1518.56,2
1431,Cuautitlán,0,26.2,9.32,0.78,1330.73,2
1432,Miguel Hidalgo,0,46.1,18.88,18.52,1309.43,3
1433,Cihuatlán,0,46.8,39.21,-1.81,460.91,2
1434,Norte de Jalisco,0,96.7,2.98,4.02,3554.06,3
1435,Amatitán,0,10.7,9.93,-0.23,245.88,2
1436,Arenal,0,22.5,29.35,-8.75,847.53,1
1437,Tequila,0,23.9,19.93,-0.63,960.53,3
1438,Colomos,0,56.5,18.21,-0.31,3293.93,2
1439,Quitupán,0,12.2,2.62,6.18,308.39,3
1440,Valle de Juárez,0,3.6,3.7,-0.1,82.95,2
1441,Barreras,0,41.7,1.29,6.51,1252.76,4
1442,Mascota,0,74.7,8.46,7.54,1293.41,3
1443,Maravilla,0,25.9,1.05,3.65,433.18,3
1444,San Diego de Alejandría,0,36.5,43.04,-6.54,872.36,1
1445,San José de las Pilas,0,18.3,15.06,-3.06,460.11,1
1446,Cuquío,0,12.5,12.58,-2.18,923.03,1
1447,Yahualica,0,26,16.2,0.8,943.94,2
1448,Ojuelos,0,9.4,8.37,1.03,287.03,3
1449,Lagunas,0,178.7,165.86,9.84,2041.84,2
1450,San Isidro,0,64.2,46.58,-1.98,380.6,2
1451,Huejotitlán,0,9.6,8.88,0.72,123.12,2
1452,Unión de Guadalupe,0,6.6,15.02,-8.42,140.15,1
1453,Los Puentes,0,19.5,6.19,-0.29,437.44,2
1454,Villa Guerrero,0,34,2.56,5.54,1024.17,3
1455,Mezquitic,0,43.1,3.38,2.32,1536.41,3
1456,San Martín de Bolaños,0,137.4,6.24,1.16,4156.97,3
1457,Colotlán,0,10.1,8.97,1.13,1064.37,3
1458,Mixtlán,0,150.9,10.8,2.4,3159.88,3
1459,Jesús María,0,22.5,33.07,-16.67,737.11,1
1501,Valle de Toluca,0,336.8,393.54,-110.34,2811.27,1
1502,Ixtlahuaca-Atlacomulco,0,119,96.37,4.63,2608.49,2
1503,Polotitlán,0,47.6,13.03,-1.63,1322.85,2
1504,Tenancingo,0,128.3,19.22,-3.82,2292.7,2
1505,Villa Victoria-Valle de Bravo,0,334.9,4.87,-1.47,2133.63,2
1506,Chalco-Amecameca,0,74,99.42,-25.42,942.19,1
1507,Texcoco,0,145.1,245.72,-111.02,933.61,1
1508,Cuautitlán-Pachuca,0,356.7,545.4,-188.7,3870.6,1
1509,Temascaltepec,0,100.8,2.08,4.12,1403.82,3
1601,Maravatío-Contepec-E. Huerta,0,182.2,83.55,3.35,2082.75,2
1602,Morelia-Queréndaro,0,286.6,169.01,-10.21,3509.81,2
1604,Lagunillas Pátzcuaro,0,41.3,13.94,-1.34,1149.46,2
1605,Pastor Ortíz-La Piedad,0,28.7,104.1,-75.5,1780.81,1
1606,Zacapu,0,189.5,31.82,32.28,1228.05,3
1607,Cienéga de Chapala,0,126,98.83,-0.63,1589.66,2
1608,Zamora,0,308.5,139.77,-11.47,2827.95,2
1609,Briseñas-Yurécuaro,0,114,135.41,-23.41,554.04,1
1610,Ciudad Hidalgo-Tuxpan,0,60.5,5.93,13.27,2099.84,3
1611,Tacámbaro-Turicato,0,224,10.01,29.69,5456.23,3
1612,Huetamo,0,219.8,19.73,2.67,5881.97,3
1613,Churumuco,0,42.3,0.57,6.13,1810.13,4
1614,Uruapan,0,97.3,29.52,38.28,1529.99,3
1615,La Huacana,0,38,8.54,0.66,1702.02,2
1616,Nueva Italia,0,99.2,23.76,75.14,2433.67,3
1617,Lázaro Cárdenas,0,38.1,16.51,2.09,3689.41,3
1618,Playa Azul,0,34.1,6.1,8.4,2360.91,3
1619,Ostula,0,7.4,4.85,-0.35,6574.4,2
1620,Apatzingán,0,494.4,276.27,123.43,5656.3,3
1621,Coahuayana,0,70.2,25.11,4.39,1378.49,3
1622,Cotija,0,134.8,42.12,-0.02,2198.5,2
1623,La Piedad,0,68.5,62.59,5.81,877.32,2
1701,Cuernavaca,0,344.2,198.75,20.35,819.63,2
1702,Cuautla-Yautepec,0,348.6,93.12,-0.52,2549.22,2
1703,Zacatepec,0,85.3,56.39,11.91,1279.34,3
1704,Tepalcingo-Axochiapan,0,47.4,37.4,0.5,671.03,2
1801,Valle Acaponeta-Cañas,0,30,25.9,-5.9,9847.1,1
1802,San Pedro-Tuxpan,0,167.5,32.59,3.41,9032.34,3
1803,Valle Santiago-San Blas,0,572.9,42.47,20.03,13790.1,3
1804,Valle de Matatipac,0,123.9,80.25,16.65,526.41,3
1805,Valle de Compostela,0,33.9,20.18,10.32,666.96,3
1806,Zacualpan-Las Varas,0,74.2,21.67,14.03,1363.06,3
1807,Valle de Banderas,0,86.5,60.36,9.14,1178.88,3
1808,Punta de Mita,0,4.3,3.28,1.02,58.38,3
1809,Valle Ixtlán-Ahuacatlán,0,68.8,23.51,2.19,1355.08,3
1810,Valle Amatlán de Cañas,0,22.9,10.69,0.61,581.32,3
1811,Ísla Madre (Islas Marías),0,1.2,0.38,0.82,221.1,4
1812,Valle de Santa María del Oro,0,18.8,8.47,1.63,477.69,3
1901,Lampazos-Villaldama,0,20.5,25.78,-13.28,2083.01,2
1902,Sabinas-Paras,0,46,104.54,-76.24,4793.14,1
1903,Lampazos-Anáhuac,0,66.6,10.72,37.88,7461.24,4
1905,Agualeguas-Ramones,0,35.3,31.09,4.21,1766.64,3
1906,Área Metropolitana de Monterrey,0,143.7,109.41,-11.51,905.24,2
1907,Campo Buenos Aires,0,57,62.8,-5.8,916.47,1
1908,Campo Mina,0,24,31.81,-7.81,845.28,1
1909,Campo Durazno,0,9.6,11.08,-1.48,927.73,2
1910,Campo Topo Chico,0,3.5,3.24,0.26,24.57,2
1911,Cañón del Huajuco,0,26.8,28.73,-1.93,234.92,2
1912,Citrícola Norte,0,336.7,394.19,-65.39,5721.08,3
1913,China-General Bravo,0,23.9,18.96,4.94,2821.71,3
1914,Citrícola Sur,0,75.1,117.2,-89.2,4172.32,1
1915,Soto La Marina,0,84,9.81,1.09,2918.93,3
1916,Navidad-Potosí-Raíces,0,88.8,161.52,-72.72,4164.93,1
1917,Sandía-La Unión,0,25.8,36.15,-10.35,3022.6,2
1918,Campo Jaritas,0,2.9,0.16,2.74,393.53,4
1919,Campo Cerritos,0,3,4.54,-1.54,103.03,3
1920,Campo Papagayos,0,2.5,2.01,0.49,152.37,3
1921,El Peñuelo-San José el Palmar,0,9,0,9,1083.12,4
1922,Santa Rita-Cruz de Elorza,0,27.6,1.42,26.18,2297.75,4
1923,Doctor Arroyo,0,13.4,1.23,12.17,802.06,4
1924,El Carmen-Salinas-Victoria,0,53.9,83.56,-35.86,3587.22,2
2004,Jamiltepec,0,61.5,46.37,-19.87,11992.4,3
2005,Miahuatlán,0,42.2,8.04,5.16,1153.97,3
2007,Tehuantepec,0,103.3,60,0.3,14015.6,3
2008,Ostuta,0,87.1,37.57,-21.87,3785.31,3
2009,Río Verde-Ejutla,0,12,11.31,-0.31,612.63,3
2010,Tuxtepec,0,220.2,143.08,5.42,17563.4,2
2011,Huatulco,0,27.9,10.97,2.83,2366.5,3
2012,Cuicatlán,0,41.4,3.22,14.28,7451.54,4
2013,Coatzacoalcos,0,258.3,3.46,191.84,9650.93,4
2014,Huajuapan de León,0,16.7,9.23,1.97,2685.76,3
2015,Tamazulapan,0,16,5.43,2.47,1225.2,3
2016,Nochixtlán,0,68.5,12.19,24.81,1353.12,3
2017,Juxtlahuaca,0,7.5,2.23,1.97,1945.58,4
2018,Pinotepa Nacional,0,37,56.19,-19.19,2173.89,3
2019,Chacahua,0,77.1,19.06,3.04,1128.89,3
2020,Santiago Astata,0,7.6,6.15,1.45,1803.6,3
2021,Morro-Mazatán,0,5.7,2.46,3.24,921.13,3
2022,Bajos de Chila,0,37.9,3.8,9.5,797.79,4
2023,Mariscala,0,4.7,2.47,2.23,2059.05,4
2024,Colotepec-Tonameca,0,61,15.55,9.05,3217.28,4
2025,Valles Centrales,0,153.6,127.29,7.91,3769.55,2
2101,Valle de Tecamachalco,0,157.1,220.33,-63.23,3339.72,1
2102,Libres-Oriental,0,179.3,157.3,2,3973.95,2
2103,Atlixco-Izúcar de Matamoros,0,244.3,122.52,37.88,2658.46,3
2104,Valle de Puebla,0,360.7,278.83,20.67,2025.17,3
2105,Valle de Tehuacán,0,246.9,136.8,28.2,3155.6,3
2106,Ixcaquixtla,0,110.3,70.58,38.42,9558.98,3
2201,Valle de Querétaro,0,70,129.72,-63.72,491.22,1
2202,Valle de Amazcala,0,34,54.45,-23.25,600.72,1
2203,Valle de San Juan del Río,0,191.5,327.76,-136.26,2031.45,1
2204,Valle de Buenavista,0,11,23.34,-12.44,311.65,1
2205,Valle de Tequisquiapan,0,108.1,108.07,-2.57,756.74,2
2206,Valle de Cadereyta,0,4.1,4.14,-0.04,458.58,2
2207,Tolimán,0,8.4,9.46,-3.96,2955.84,1
2208,Valle de Huimilpan,0,20,21.91,-3.91,434.71,1
2209,Valle de Amealco,0,22.5,20.84,0.86,304.11,3
2210,Moctezuma,0,50,0.07,43.43,239.47,4
2211,Tampaón-Zona de Sierra,0,49,2.39,33.01,1299.03,4
2301,Cerros Y Valles,0,1194.2,54.4,284.9,6768.17,4
2305,Ísla de Cozumel,0,208.7,18.4,29.9,502.24,3
2401,Vanegas-Catorce,0,29.3,33.95,-4.64,4381.62,2
2402,El Barril,0,31.6,93.65,-62.05,3229.55,1
2403,Salinas de Hidalgo,0,16.7,48.51,-31.81,1005.67,1
2404,Santo Domingo,0,21.4,19.9,1.5,6068.91,3
2405,Ahualulco,0,10.9,17.21,-6.31,947.93,1
2406,Villa de Arriaga,0,4.8,3.28,1.52,1155.46,3
2407,Cedral-Matehuala,0,17.5,18.48,-2.28,1954.4,1
2408,Villa de Arista,0,48.2,102.45,-54.25,4312.15,1
2409,Villa Hidalgo,0,20.6,11.42,9.18,1581.5,3
2410,Buenavista,0,27.1,29.19,-2.09,6074,3
2411,San Luís Potosí,0,78.1,137.32,-59.22,2060.88,1
2412,Jaral de Berrios-Villa de Reyes,0,132.1,132.84,-2.04,2302.87,2
2413,Matehuala-Huizache,0,31.5,72.54,-41.04,4184.49,1
2414,Cerritos-Villa Juárez,0,72.7,16.97,5.33,2039.17,3
2415,Río Verde,0,415.8,134.82,29.58,2755.87,3
2416,San Nicolás Tolentino,0,32.9,7.89,6.41,1695.82,3
2417,Santa María del Río,0,3.7,26.65,-22.95,3109.63,1
2418,Huasteca Potosina,0,668.2,43.08,83.62,12265.7,3
2419,Tamuín,0,370.1,14.06,65.84,5080.32,4
2501,Río Fuerte,0,372.3,196.28,103.22,34947,3
2502,Río Sinaloa,0,448.6,299.07,8.23,15348.6,2
2503,Río Mocorito,0,137.2,113.86,-20.96,4492.53,1
2504,Río Culiacán,0,416.9,283.18,-39.68,20389.4,2
2505,Río San Lorenzo,0,335,131.28,15.72,11822.6,3
2506,Río Elota,0,45.3,30.32,13.78,3253.36,3
2507,Río Piaxtla,0,51.3,53.66,-4.36,7012.72,3
2508,Río Quelite,0,17.9,32.61,-15.41,1369.82,3
2509,Río Presidio,0,163.3,112.15,-14.65,7599.95,3
2510,Río Baluarte,0,79.6,91.67,-32.77,5594.19,3
2511,Valle de Escuinapa,0,42.7,8.07,4.63,369.14,4
2512,Laguna Agua Grande,0,146.7,65.97,-20.87,395.22,3
2513,Río Cañas,0,90.5,17.91,-2.91,581.95,2
2514,El Carrizo,0,160,2.9,21.1,1805.27,4
2601,Valle de San Luís Río Colorado,0,236.8,297.66,-93.36,4396.66,3
2602,Los Vidrios,0,6.7,3.67,1.03,5667.65,3
2603,Sonoyta-Puerto Peñasco,0,41.4,109.07,-83.57,8900.63,1
2604,Arroyo Sahuaro,0,10.9,9.09,-1.49,3050.42,1
2605,Caborca,0,212.9,333.63,-120.73,13242.2,1
2606,Los Chirriones,0,30,28.23,-0.23,2275.49,2
2607,Arroyo Seco,0,32.4,32.95,-0.55,2503.48,2
2608,Río Altar,0,21,18.3,2.7,2821.28,3
2609,Busani,0,15.5,18.72,-3.22,1267,1
2610,Coyotillo,0,4,12.49,-8.49,1047.48,1
2611,La Tinaja,0,26.1,25.02,1.08,1831.62,2
2612,Magdalena,0,41.3,50.67,-9.37,2566.17,1
2613,Río Alisos,0,16.4,10.92,4.28,893.33,3
2614,Cocóspera,0,15,7,4.8,650.3,3
2615,Río Santa Cruz,0,38.1,33.87,2.23,952.3,2
2616,Río San Pedro,0,41,30.98,-6.98,1749.6,1
2617,Puerto Libertad,0,8.2,6.87,0.03,2030.17,2
2618,Arivaipa,0,15.2,14.99,0.01,3796.42,2
2619,Costa de Hermosillo,0,250,346.95,-96.95,15300.5,1
2620,Sahuaral,0,58.6,69.29,-10.69,1495.29,1
2621,Mesa del Seri-La Victoria,0,73,104.63,-47.63,1048.73,1
2622,La Poza,0,33.8,21.85,1.95,968.9,2
2623,Santa Rosalía,0,11.8,11.5,0.3,1866.53,2
2624,Río Sonora,0,66.7,63.82,2.88,5736.83,2
2625,Río San Miguel,0,68.7,64.2,2.3,4057.42,2
2626,Río Zanjón,0,94.8,101.17,-14.17,4461.52,1
2627,Río Bacoachi,0,31.7,28.28,-4.18,2324.23,1
2628,Río Bacanuchi,0,19,12.94,-0.04,1776.51,2
2629,Río Agua Prieta,0,24.1,21.3,0.3,1437.14,2
2630,Arroyo San Bernardino,0,13.5,0.93,12.57,1673.33,4
2631,Río Bavispe,0,29.7,28.16,1.04,5884.95,3
2632,Río Frontera,0,46.4,37.98,5.22,2318.24,3
2633,Río Moctezuma,0,31,30.19,0.81,6228.81,3
2634,Río Mátape,0,16.2,10.87,5.33,1137.1,3
2635,Valle de Guaymas,0,100,111.35,-11.35,6738.51,1
2636,San José de Guaymas,0,4.5,18.5,-14,1208.06,1
2637,Río Bacanora,0,8.6,4.83,3.77,729.15,3
2638,Río Sahuaripa,0,45.9,13.47,22.93,2957.97,3
2639,Río Tecoripa,0,21.3,9.78,7.72,2480.48,3
2640,Valle del Yaqui,0,564.1,513.9,0.2,6559.24,2
2641,Cocoraque,0,198.2,178.37,-0.17,2561.84,2
2642,Valle del Mayo,0,370,281.66,10.24,4548.46,2
2643,Cuchujaqui,0,49.7,6.79,23.41,1918.08,4
2644,Fuerte-Mayo,0,18.6,9.18,7.42,1927.6,3
2645,Río Chico,0,11.7,1.45,10.25,2767.22,4
2646,Rosario-Tesopaco-El Quiriego,0,27.7,2.89,17.11,1735.06,4
2647,Ónavas,0,6.1,0.72,2.88,1404.77,4
2648,Soyopa,0,5.9,4.13,1.67,1139.91,4
2649,Yécora,0,10.7,7.21,3.49,3577.64,3
2650,Nogales,0,5.2,1.37,0.13,121.11,2
2651,Batevito,0,13.4,5.11,8.29,1140.34,3
2652,Villa Hidalgo,0,9.8,1.1,8.6,2942.76,4
2653,Huásabas,0,7.3,1.98,5.32,1130.46,4
2654,Bacadéhuachi,0,10.7,1.84,8.16,1002.09,4
2655,Nácori Chico,0,11.4,2.16,9.24,13912.5,4
2656,Cumuripa,0,15.6,0.98,10.92,2185.87,4
2657,Agua Caliente,0,9.8,2.33,7.47,1785.45,4
2658,San Bernardo,0,39.7,14.56,18.64,9071.49,3
2660,Cuitaca,0,7.4,3.98,2.72,477.22,3
2661,Cumpas,0,24.3,10.67,9.93,2414.8,4
2701,Huimanguillo,0,663,38.13,526.37,2180.35,4
2702,La Chontalpa,0,1973.6,67.24,1567.36,4203.97,4
2703,Samaría-Cunduacan,0,546.6,50.31,369.29,1640.89,4
2704,Centla,0,954.6,46.91,809.29,2403.92,4
2705,La Sierra,0,771.9,62.48,576.62,9760.94,4
2706,Macuspana,0,1667,5.72,1553.98,3450.95,4
2707,Los Ríos,0,1895,19.07,1766.73,5810.91,4
2708,Boca del Cerro,0,785,8.71,386.29,2971.78,4
2801,Bajo Río Bravo,0,198.5,95.01,93.79,17824.7,3
2802,Méndez-San Fernando,0,50.1,23.14,12.86,19064.2,3
2803,Hidalgo-Villagrán,0,39.7,36.02,-2.02,3798.23,2
2804,San Carlos,0,22.6,5.39,12.11,3434.95,3
2805,Jiménez-Abasolo,0,29.7,6.12,14.98,3649.65,4
2806,Márgenes del Río Purificación,0,117.7,104.7,-1.7,645.11,2
2807,Victoria-Guemez,0,91.1,107.97,-28.77,1907.53,1
2808,Victoria-Casas,0,31.3,29.71,-0.91,4197.73,2
2809,Aldama-Soto La Marina,0,209.3,17.87,78.73,9605.3,4
2810,Palmillas-Jaumave,0,29.3,8.11,3.19,4471.09,3
2811,Llera-Xicoténcatl,0,81,50.13,2.27,8777.99,3
2812,Ocampo-Antiguo Morelos,0,40,20.19,10.91,2797.61,3
2813,Zona Sur,0,14.8,3.53,7.67,1834.51,3
2814,Tula-Bustamante,0,43.8,40.38,2.32,3943.62,3
2901,Alto Atoyac,0,212.4,142.02,29.38,2032.27,3
2902,Soltepec,0,57,17.33,23.47,819.67,3
2903,Huamantla,0,96,62.41,15.69,851.63,3
2904,Emiliano Zapata,0,6,0.74,0.36,266.56,3
3001,Poza Rica,0,55.7,11.37,7.33,2779.7,3
3002,Tecolutla,0,181,23.35,28.65,7584.52,3
3003,Martínez de la Torre-Nautla,0,73.1,26.56,41.24,4351.61,3
3004,Perote-Zalayeta,0,50.2,52.27,-12.87,1016.36,2
3005,Valle de Actopan,0,400.4,85.14,-3.04,2507.02,3
3006,Costera de Veracruz,0,293.5,204.62,-13.62,3059.5,2
3007,Orizaba-Córdoba,0,109.5,40.09,0.91,1261.3,2
3008,Cotaxtla,0,356.5,211.58,-25.68,3246.93,2
3009,Omealca-Huixcolotla,0,75.6,53.3,6.8,336.65,3
3010,Los Naranjos,0,1101.5,459.96,79.64,3842.81,3
3011,Soteapan-Hueyapan,0,145.7,14.2,47.3,2994.66,3
3012,Costera de Coatzacoalcos,0,172.2,62.46,100.04,12214.1,3
3014,Álamo-Tuxpan,0,154.6,33.85,47.05,6390.08,3
3016,Sierra de San Andrés Tuxtla,0,68.4,13.8,1.4,2239.06,2
3017,Tampico-Misantla,0,268,29.27,100.53,14192.6,3
3018,Jalapa-Coatepec,0,90,7.05,74.25,857.79,4
3019,Cuenca Río Papaloapan,0,129,98.98,-19.98,7279.89,1
3020,Costera del Papaloapan,0,355,39.4,68.2,2171.71,3
3105,Península de Yucatán,0,21813.4,4884.27,2386.93,124414,3
3201,Sabinas,0,13.7,10.93,0.27,1487.6,2
3202,Hidalgo,0,7.4,4.56,2.84,1162.36,3
3203,Corrales,0,28.1,1.95,21.15,4938.12,4
3204,Valparaíso,0,26,21.56,3.04,4321.88,3
3205,Jeréz,0,53.5,54.08,-8.58,2395.5,1
3206,Tlaltenango-Tepechitlán,0,38.6,11.93,13.17,2452.15,3
3207,García de La Cadena,0,42,6.51,10.79,1033.51,3
3208,Nochistlán,0,23.2,8.13,6.27,833.74,3
3209,Jalpa-Juchipila,0,82.9,67.95,0.05,4069.17,2
3210,Benito Juárez,0,18.1,21.49,-3.39,350.51,1
3211,Villanueva,0,22.6,20.66,0.14,1794.37,2
3212,Ojocaliente,0,51,65.76,-17.86,1627.08,1
3213,Villa García,0,15.5,9,4.3,305.2,3
3214,Aguanaval,0,84.5,167.84,-83.34,2804.5,1
3215,Abrego,0,20,19.66,-2.86,1205.01,1
3216,Sain Alto,0,17.3,15.97,1.23,1042.65,3
3217,El Palmar,0,72.3,73.63,-1.33,7361.05,2
3218,Cedros,0,42,41.5,0.5,5108.31,2
3219,El Salvador,0,6.5,1.93,2.87,1254.28,3
3220,Guadalupe Garzarón,0,19.6,20.36,-0.76,3952.32,2
3221,Camacho,0,3.8,1.42,2.38,3551.34,3
3222,El Cardito,0,20.5,11.92,6.28,4794.31,3
3223,Guadalupe de las Corrientes,0,32.8,43.15,-10.35,4633.11,1
3224,Puerto Madero,0,16.5,25.24,-8.74,1931.21,1
3225,Calera,0,91.1,162.47,-72.57,2225.77,1
3226,Chupaderos,0,86.6,186.72,-100.12,2483.06,1
3227,Guadalupe Bañuelos,0,12.1,12.55,-0.45,290.34,2
3228,La Blanca,0,19,29.01,-10.01,568.02,1
3229,Loreto,0,32.7,81.65,-48.95,688.53,1
3230,Villa Hidalgo,0,41,52.17,-11.17,858.78,1
3231,Pinos,0,18,14.3,3.7,1275.13,3
3232,Espíritu Santo,0,9,8.82,0.18,1120.26,2
3233,Pino Suárez,0,23.5,1.39,12.71,568.19,4
3234,Saldaña,0,1.1,0.2,0.9,131.85,4
